"RelPath","Ext","SizeBytes","Sha256","Title"
".venv\Lib\site-packages\certifi-2025.11.12.dist-info\top_level.txt",".txt","8","28CBB8BD409FB232EB90F6D235D81D7A44BEA552730402453BFFE723C345EBE5",""
".venv\Lib\site-packages\charset_normalizer-3.4.4.dist-info\entry_points.txt",".txt","65","0034932AB91767786174E5458BA0DC5041D0452D317F10C813FA44CF8C0B2170",""
".venv\Lib\site-packages\charset_normalizer-3.4.4.dist-info\top_level.txt",".txt","19","EC04B2CDE3EBF3FC6E65626C9EA263201B7257CBE1128D30042BF530F4518B74",""
".venv\Lib\site-packages\idna-3.11.dist-info\licenses\LICENSE.md",".md","1541","B7A336ABF3B04E180EC065CDD16E705D079E1CC7A14F910AA6E9187F36B9CD87",""
".venv\Lib\site-packages\mysql_connector_python-9.5.0.dist-info\licenses\LICENSE.txt",".txt","399215","6D1C876CB3A3F8F076D0A1922B69FB4A7824F0E0BF598CA00B6798D30CC57925",""
".venv\Lib\site-packages\mysql_connector_python-9.5.0.dist-info\top_level.txt",".txt","23","78A45802DFD1974AC3FC64DD6ACC14F022B2B4AA68A003F5DF5D9CA443CD6D3D",""
".venv\Lib\site-packages\pip-25.3.dist-info\entry_points.txt",".txt","84","5617FCB34218817DFB9AD778BC62FBDC13DCC5D2A7A9E0853F3079F9DDF4C7CA",""
".venv\Lib\site-packages\pip-25.3.dist-info\licenses\AUTHORS.txt",".txt","11503","1F7D99860167FAAE5BDC101C0D8AAC4B0D0D37B4515581E95A2355347433CC1B",""
".venv\Lib\site-packages\pip-25.3.dist-info\licenses\LICENSE.txt",".txt","1093","634300A669D49AEAE65B12C6C48C924C51A4CDF3D1FF086DC3456DC8BCAA2104",""
".venv\Lib\site-packages\pip-25.3.dist-info\licenses\src\pip\_vendor\cachecontrol\LICENSE.txt",".txt","558","86EEEE87BE2A43F3FF1F56496F451F69243926F025FEDBB033666C304C4C161B",""
".venv\Lib\site-packages\pip-25.3.dist-info\licenses\src\pip\_vendor\dependency_groups\LICENSE.txt",".txt","1099","1AB36E3E2A4BA8631625384F87E9E091DB1FAED034C5B23325B3239ABF2CC525",""
".venv\Lib\site-packages\pip-25.3.dist-info\licenses\src\pip\_vendor\distlib\LICENSE.txt",".txt","14531","808E10C8A6AB8DEB149FF9B3FB19F447A808094606D712A9CA57FEAD3552599D",""
".venv\Lib\site-packages\pip-25.3.dist-info\licenses\src\pip\_vendor\idna\LICENSE.md",".md","1541","A59F0B0EF3635874109A4461CA44FF7A70D50696E814767BFAF721D4C9B0DB0F",""
".venv\Lib\site-packages\pip-25.3.dist-info\licenses\src\pip\_vendor\urllib3\LICENSE.txt",".txt","1115","C37BF186E27CF9DBE9619E55EDFE3CEA7B30091CEB3DA63C7DACBE0E6D77907B",""
".venv\Lib\site-packages\pip\_vendor\cachecontrol\LICENSE.txt",".txt","558","86EEEE87BE2A43F3FF1F56496F451F69243926F025FEDBB033666C304C4C161B",""
".venv\Lib\site-packages\pip\_vendor\dependency_groups\LICENSE.txt",".txt","1099","1AB36E3E2A4BA8631625384F87E9E091DB1FAED034C5B23325B3239ABF2CC525",""
".venv\Lib\site-packages\pip\_vendor\distlib\LICENSE.txt",".txt","14531","808E10C8A6AB8DEB149FF9B3FB19F447A808094606D712A9CA57FEAD3552599D",""
".venv\Lib\site-packages\pip\_vendor\idna\LICENSE.md",".md","1541","A59F0B0EF3635874109A4461CA44FF7A70D50696E814767BFAF721D4C9B0DB0F",""
".venv\Lib\site-packages\pip\_vendor\urllib3\LICENSE.txt",".txt","1115","C37BF186E27CF9DBE9619E55EDFE3CEA7B30091CEB3DA63C7DACBE0E6D77907B",""
".venv\Lib\site-packages\pip\_vendor\vendor.txt",".txt","343","BD540DC5FADFFE73F2FE98D2486925C50556987E61BE1C83B5981BB3319BC3B7",""
".venv\Lib\site-packages\requests-2.32.5.dist-info\top_level.txt",".txt","9","7CC4959877DBE6B6C63A8EB1BFE3BFB545FA8FE5B28B1B2C13E4A7C1C0D1C4D4",""
".venv\Lib\site-packages\urllib3-2.6.3.dist-info\licenses\LICENSE.txt",".txt","1093","130E3A64D5FDD5D096A752694634A7D9DF284469DE86E5732100268041E3D686",""
".venv\Scripts\Activate.ps1",".ps1","9031","EB8CE20F580877D300C4FED60A7F36DAA18715D35C50BB3596D6995D023B4FFE",""
"build_output.txt",".txt","23265","077AE5DE207549FAC23CB3AE5026F2F45AED77AA8D830B292D0386CB34C8C11D",""
"COMPLETE_ALL_ENDPOINTS_RESULTS.json",".json","17345","E9A5D5CF3D7F8E8087CDBE697EFCD9A3DF99B23357EF69EB4DD43145BACED7F1",""
"comprehensive_output.txt",".txt","717","F57EE29E8E8AFD13F226D84A2222DB5D0DD6F929408C9AD83B91AF5FB4EDC8B2",""
"COMPREHENSIVE_TEST_REPORT.md",".md","16979","36C47A32572770C0C36F90E8783EDAA3E0FF5E9F8253861F9505A7317F5C8DA6","Reporte Exhaustivo de Pruebas - TicketsAPI"
"COMPREHENSIVE_TEST_RESULTS.json",".json","9444","9B793428DF803F9743BBE7ED0F09C934ACB3FA4FE5D00BB558A04D2A51BB5F81",""
"CONTINUIDAD_FASE4.md",".md","8861","59EA4554CE2FCA8F0536E80DEE2A9CB8756BEADC5C558CB8BD5D10BF9A1CCEBD","📋 Continuidad del Trabajo - Próximas Iteraciones"
"Database\001_add_refresh_token.sql",".sql","2783","A5C2A4F08B74CAC59E19F3ABDEF9B1218281999166AE508D98313067FB74FEF7",""
"Database\002_create_admin_user.sql",".sql","1687","091BF493490727ADC17753FD69D96CA0A18954DF8CF0920028F4BF9EB99ADD40",""
"Database\fix_stored_procedures.sql",".sql","12620","E352CD5C05AAB87DC434450BEDB71BFB868C1B8A03B4E5AA3785C59117D5AD9D",""
"Database\performance_indexes.sql",".sql","9630","9DCA8E70CCE588164ADAC5162668218B78F0C1661216EE341F26E27451D22B21",""
"Database\setup_admin.sql",".sql","341","56809A8F648E75CE2EF558A84DE5277890FE348D5F24D593C29C60A8090A4FD0",""
"db_audit_cleanup.sql",".sql","4091","37EB6605BF7E51D28B69193BEB5BBFA37F693BE175E4FC7B3B0226616F3F0A82",""
"DbAuditTool\bin\Debug\net6.0\DbAuditTool.deps.json",".json","4691","98ED5BC9591B7EA2CAC3556236DBFA371744E0CC338B96325BC01F919AB99021",""
"DbAuditTool\bin\Debug\net6.0\DbAuditTool.runtimeconfig.json",".json","147","F03C65B081AE722B8C7E574C583688D95EE15B246A6BF5C9A79CB496CBD27583",""
"DbAuditTool\bin\Release\net6.0\DB_AUDIT.json",".json","73194","EE6579C4CF76A7F1729A7E1E1BD5987DD509E926B5704D5EE748CC540E456426",""
"DbAuditTool\bin\Release\net6.0\DbAuditTool.deps.json",".json","4691","98ED5BC9591B7EA2CAC3556236DBFA371744E0CC338B96325BC01F919AB99021",""
"DbAuditTool\bin\Release\net6.0\DbAuditTool.runtimeconfig.json",".json","253","DED3AEB5856A11DB0B654A785574490CAB55839EBFB17EFE9E39B89618FC5B91",""
"DbAuditTool\obj\DbAuditTool.csproj.nuget.dgspec.json",".json","2847","7B27AC9CBFF6586208CAF769D6A0ABE08944924499FC8E7B2E2B12535180294A",""
"DbAuditTool\obj\Debug\net6.0\DbAuditTool.csproj.FileListAbsolute.txt",".txt","2363","795B43C75F748FA0FF01CA78D7F72B909A26326D47D09C74B61307ECE4B11389",""
"DbAuditTool\obj\Debug\net6.0\DbAuditTool.sourcelink.json",".json","168","682CBB4F28498EA3E633FA74392BC6BE84926DC808FBDFCDE02F01A4C475CF55",""
"DbAuditTool\obj\project.assets.json",".json","22681","BD2E672D63687068EA403BBEC5A2B658DACC78663955A5906F2B40BFF722AD8D",""
"DbAuditTool\obj\Release\net6.0\DbAuditTool.csproj.FileListAbsolute.txt",".txt","2409","D39884EE6F98CA0DD350594D5C939FFADC94F4174FA1432BD2F153C849165760",""
"DbAuditTool\obj\Release\net6.0\DbAuditTool.sourcelink.json",".json","168","682A021B0244DB2007CD2C0F137A5EDACEBD35C3D40C83CFA6247833AA406D60",""
"docs\00-INDICE_MAESTRO.md",".md","13656","55020CB2BC50203455720EEF2E502ED59F7806B51095FD54C6B9C37283A201F2","📚 ÍNDICE MAESTRO - DOCUMENTACIÓN TICKETSAPI"
"docs\00-Start\DEVELOPMENT.md",".md","7401","C03FD2DDFF53778F99CB3F3DDA153584A13DF8AC6CF90D6118FB8A86F671A21F","Este archivo documenta el proceso de migración y desarrollo"
"docs\00-Start\EXECUTIVE_SUMMARY.md",".md","6775","4CD1BC506D5055AB6DBFD86DE88D6C3846AEB4826057EE76F81C51788F9C76F9","🎯 RESUMEN EJECUTIVO - TicketsAPI QA Session"
"docs\00-Start\INDICE_RAPIDO.md",".md","5768","08D01933716ACE34619D22479A8A373D8681594913AE4853626A0C31119A2012","🎯 ¿QUÉ DEBO LEER? - ÍNDICE RÁPIDO"
"docs\00-Start\PROJECT_STRUCTURE.md",".md","12516","6B3E6D0CBCF929E1C3925762094F4B46619BF7D177E53D9963E99273D783FCF6","📂 Estructura Completa del Proyecto TicketsAPI"
"docs\00-Start\QUICK_REFERENCE.md",".md","6745","6F82AAB610EA5D713D45895E19261F0F1FF6668F9369D1AE0CAC333C8B800E1D","QUICK REFERENCE - FASE 1"
"docs\00-Start\QUICK_START.md",".md","9832","6BC756E4193F3AC7B256FA290866496C8865DB6E7433C4B9ABBEE473C4DB9CEB","🚀 GUÍA DE INICIO - TicketsAPI"
"docs\00-Start\START_AQUI.md",".md","6061","0B26517B63043B08168523277D3317BA1D3694372569D422FC8F1C4A12E7C928","TicketsAPI - START HERE ⭐"
"docs\01-FASE0\CIERRE_ANALISIS.md",".md","15127","F981E44C7BE13C649AE5EBE0F037C3D2EB7623D894E5E089603172C9D1EE0133","🎉 ANÁLISIS COMPLETO - Cierre de Trabajo Autónomo"
"docs\01-FASE0\FASE_0_CONSOLIDADO.md",".md","9270","D92387C5D40852C1FC040148829A3997E9B4B9C502AB7731434D7D8C3ECEEA0D","FASE 0: ANÁLISIS CONSOLIDADO"
"docs\01-FASE0\FASE_0_MAPEO_SPs_ENDPOINTS.md",".md","18523","4A7FCC491F30592EF9945C7A1AD8A5451E0AB680F0AB7A0D38502F205E2FD985","FASE 0: MAPEO SPs → ENDPOINTS"
"docs\01-FASE0\RESUMEN_FINAL.md",".md","3777","890188CECC2EA435A921DB73E70D7274CAD9F0D58B21A2761E9F57B555455656","📌 RESUMEN FINAL - FASE 0 CONSOLIDADA"
"docs\01-FASE0\TICKETS_API_ANALYSIS.md",".md","21679","27D791A79D4923E8A623510E599DFFE1D422CF538DDF2712B2C08D3690C06CA5","TicketsAPI - Análisis Completo de Permisos, Validaciones y Casos Borde"
"docs\02-FASE1\EJEMPLOS_PRACTICOS_FASE_1.md",".md","21011","0497BF2B7A10ECFDDFA4EDC915266EE1CB07C9792E51C09CF4C79B443F8D7750","Ejemplos Prácticos - FASE 1 API Estandarizada ✅"
"docs\02-FASE1\FASE_1_COMPLETO.md",".md","13830","596987F6716232271FEC0EBBA68544E358433F0C6FC31A5165BC3106EEB42991","FASE 1 - ESTANDARIZACIÓN API ✅ COMPLETADA"
"docs\02-FASE1\FASE_1_ESTANDARIZACION_API.md",".md","21441","44E487546AE56E61E16F169794C6F695584D78FF5F348630F147244FC3EEFAE5","FASE 1: ESTANDARIZACIÓN API ✅ COMPLETADA"
"docs\03-FASE2\FASE_2_COMPLETO.md",".md","10505","74D9107EA3D4DD37BDAE90685FBFB1625D8CA28F98278BAC38288BB7AFB42D39","FASE 2: Unit Tests - COMPLETO ✅"
"docs\03-FASE2\FASE_2_UNIT_TESTS.md",".md","6954","5E5F1B46D75EA88EFA315ABB384AE1CFA4B894A7D5AFE82DEEE0FBE91358BA35","FASE 2: Unit Tests con xUnit"
"docs\04-FASE3\FASE_3_COMPLETO.md",".md","12905","19871F0840C3E97F230ABE9E3FE217A45FBCF5CA721D995353FB9A8439830CB6","FASE 3 - COMPLETA ✅"
"docs\04-FASE3\FASE_3_PLAN.md",".md","10587","913D0E915FB5215175867D195E812C985801BF18B3CE15CD074B5BB90A4B05CF","FASE 3: ENDPOINTS CRÍTICOS Y FUNCIONALIDADES CORE"
"docs\04-FASE3\PRIORIDAD_3_REPORTES_COMPLETO.md",".md","12810","824986E3E2B99173D9AA6492A8FC8A37C7C980E0FE535E1759EF649F33A43C12","FASE 3 - PRIORIDAD 3: Dashboard y Reportes - COMPLETO ✅"
"docs\04-FASE3\PRIORIDAD_4_BUSQUEDA_AVANZADA_COMPLETO.md",".md","16720","ECD26611E182E3BE458EDEAE4247C70DA235BDD6ECFF7E5D5CD4138611C83831","FASE 3 - PRIORIDAD 4: Búsqueda Avanzada Full-Text - COMPLETO ✅"
"docs\04-FASE3\PRIORIDAD_5_OPTIMIZACIONES_COMPLETO.md",".md","15076","E84CDB197F634C7E504416C5A998962B3A3B9D0B02E201F2124C45614213378E","FASE 3 - PRIORIDAD 5: Optimizaciones - COMPLETO ✅"
"docs\10-API\API_EXAMPLES.md",".md","11888","F97E92797ACF611FCE409623881DC14EAC9EDF5ACE7D2DD0BBBFA7DDA1C24923","Ejemplos de Consumo de API"
"docs\10-API\API_INTEGRATION_GUIDE.md",".md","33572","BA50200E8C6387061E530601A23A6B7B56025AAA1DBD03DAAF33FAC4053A11B2","Guía de Integración - TicketsAPI REST"
"docs\10-API\CREATE_TICKET_FIX_REPORT.md",".md","7617","040C87663FD9A9DA5673799021ECAC6CBBDE243BE767C9D304EE74815117ECC3","✅ FIX: POST /Tickets debe usar Stored Procedure sp_agregar_tkt"
"docs\10-API\EDGE_CASES_AND_DISCREPANCIES.md",".md","13866","1ACDC3A9DCC93193C68B921850867507D7ED9DE3AD73BCA483907C5C04E67A48","Discrepancias y Casos Borde Identificados"
"docs\10-API\FIXES_IMPLEMENTADOS.md",".md","8086","160142B8BB5932B190D7477A5A994B16EA666BE64F2C2120598ED7EEBB060353","✅ FIXES IMPLEMENTADOS - AUDITORÍA DE ENDPOINTS"
"docs\20-DB\AUDIT_COMPARISON_REPORT_2026-01-30.md",".md","2845","0D1CEC2E9157888F52FE452E4A5B097BCD5240075D55EE539546FA9D718A8324","Auditoría comparativa BD - TicketsAPI"
"docs\20-DB\AUDIT_COMPARISON_REPORT.md",".md","2847","2122C8BB4FFFA9FE6DECFCD23E248FC7BB0854439B71B5E2E56086E00C862D01","Auditoría comparativa BD - TicketsAPI"
"docs\20-DB\AUDIT_ENDPOINTS_SPs.md",".md","18437","424E9BCD423F081F7C201B8911C540E857D011192C12D9E19AD0D83AC450F63A","🔍 AUDITORÍA EXHAUSTIVA DE ENDPOINTS CON STORED PROCEDURES"
"docs\20-DB\cdk_tkt.sql",".sql","129252","3F6E40825DC99573842F153DBA756D9D9F072676E6D8A2945C21FF3B5E81FE59",""
"docs\20-DB\DB_AUDIT_LATEST.json",".json","45994","76FDF5B09BA9047CD04E5D402CD1EAC446EA6201A4A1E9A5AD8DC1067FD6929F",""
"docs\20-DB\DB_AUDIT.json",".json","73194","EE6579C4CF76A7F1729A7E1E1BD5987DD509E926B5704D5EE748CC540E456426",""
"docs\30-Auth\JWT_AUTHENTICATION.md",".md","3166","2648CDA0D8AECF22C0BB4DBAC82FA8443FF5206B47A61A90ADDCC8781F3C6923","Mapeo de Autenticación JWT"
"docs\30-Auth\LOGIN_FIX_REPORT.md",".md","5049","56A09363502E2D9B174F8A75CDBC4822FD83E1966B789EB06E362F023D55E22A","✅ FIX: Error 500 en POST /Auth/login - Mapeo de Tipos"
"docs\30-Auth\PERMISSIONS_MATRIX.md",".md","12242","DD5E7D4A6FE65027820AD3DA4284DCAE27FC68250C5045AC2D9B3843B5059374","TicketsAPI - Matriz de Permisos y Reglas de Negocio"
"docs\40-Testing\INTEGRATION_TEST_REPORT.md",".md","9382","448E16C5A53294C22353A79F9DFAC1CDD4442E34CCD54FE9C594A31F9CC53ED5","📋 REPORTE DE PRUEBAS DE INTEGRACIÓN - TicketsAPI"
"docs\40-Testing\INTEGRATION_TEST_RESULTS.json",".json","1958","DBD5585A13C40DFB6FA9C44433F94BCCFE7ACE8A4DD738E94584AD82EAB377F2",""
"docs\40-Testing\QA_COMPREHENSIVE_REPORT.md",".md","9594","5A317E0856510119DC285FCA1B6AD4B66FDFB8BD792B785E929FFD7A5A92D185","QA TESTING REPORT - TicketsAPI"
"docs\40-Testing\QA_POST_FIX_REPORT.md",".md","7208","79239C890B37FAF437490629DE874C75D3E68A52024BE17270BE7C4B4A802BCD","REPORTE QA DESPUÉS DE CORRECCIONES - TicketsAPI"
"docs\40-Testing\QA_TEST_RESULTS_VISUAL.md",".md","12436","0F25486F9B38C50438F3752617025656D9B44FA03B40BE1989394F0FAB8A39C1","QA TEST RESULTS - VISUAL REPORT"
"docs\40-Testing\TEST_PLAN_BY_ROLE.md",".md","28903","9DEDF027FEA0CE12D7D5582FA0F19173EC900E25C86C6CBA09B0E3B152AEFF2B","Plan de Pruebas - GET /Tickets API por Rol"
"docs\40-Testing\VALIDATION_COMPLETE.md",".md","5592","FFDA45BE15078B6AD8F73386345B5FFB88A7F08CD3EF22237A6DDA6C47409FB9","✅ VALIDACIÓN FINAL - PRUEBAS DE INTEGRACIÓN COMPLETADAS"
"docs\40-Testing\VALIDATION_SUGGESTIONS.md",".md","12759","7A29AD47DE9B484BBC4CE84F5FFC29EDF914385F649F127BEB5846D5BB9AE334","Sugerencias de Validación - GET /Tickets API"
"docs\90-Reports\DEBUG_SESSION_SUMMARY.md",".md","6887","F27FBA0F25DBEF047A2BD294B41208BD619F98462E062A4FAEFAB83C11EF45EC","RESUMEN DE SESIÓN DE DEBUGGING Y QA"
"docs\90-Reports\REGISTRO_TECNICO_FINAL.md",".md","9644","29339E87B1DBE37283E72CCA5721880521C1397E2B54749F2EAD27BF935774B4","REGISTRO TÉCNICO DE CORRECCIONES - TicketsAPI"
"docs\90-Reports\WORK_COMPLETED_CHECKLIST.md",".md","6684","5B0AD8A581D4E375FC19C42ACBE5DA6AF229323701C416ACB3CD7B010FC2C863","CHECKLIST DE TAREAS COMPLETADAS - Sesión QA TicketsAPI"
"docs\99-Archivo\FASE0\CHEATSHEET.md",".md","9276","F7E5ECE8B84843D3E9708B7BB771BDA8D817D1C10CD45A683D71312202272F30","📋 CHEATSHEET - TicketsAPI"
"docs\99-Archivo\FASE0\HOJA_DE_RUTA_ESTRATEGICA.md",".md","12107","629EBAC7CA6CA08594C016F6584ADEB7F9EC015F6539ED12A89B8BD32864182F","HOJA DE RUTA ESTRATÉGICA - FASE 0 COMPLETADA"
"docs\99-Archivo\FASE0\HOJA_DE_VERIFICACION_FASE_0.md",".md","11773","9DD2BE42F6E874520DF17A766E34F3C4955C17FAF7826803B0B324545BB3392D","✅ HOJA DE VERIFICACIÓN - FASE 0 COMPLETADA"
"docs\99-Archivo\FASE0\INDICE_DOCUMENTACION.md",".md","11175","7175D63AA22D70B2C189889C2793D9711F6D303B868A0968683A608265554457","ÍNDICE DE DOCUMENTACIÓN - FASE 0"
"docs\99-Archivo\FASE0\README_ANALISIS.md",".md","14654","16415EABDDECA0901AEEBAAD7FFC0ADEF952F490081D8400800DA090BCCD8967","Índice de Documentación - Análisis GET /Tickets API"
"docs\99-Archivo\FASE0\README_FASE_0.md",".md","10613","9DB0FCB225E142DFF14725E5F35D7DF56F33A6D955DA7C4172C24B0FF68582EA","📚 DOCUMENTACIÓN FASE 0 - BIENVENIDA"
"docs\99-Archivo\FASE0\RESUMEN_EJECUTIVO_FASE_0.md",".md","9882","E17B30DB8CD5B6468386CBD4A0AD552419DB4AB9AC34A922A7EA0982815A8A3E","RESUMEN EJECUTIVO - FASE 0 COMPLETADA"
"docs\99-Archivo\FASE0\RESUMEN_EJECUTIVO.md",".md","10495","C3F2796FBD8D78AD2A5317F59AB8BC4E890E9E1DDDA106DC8156B2A75EEB6E7A","RESUMEN EJECUTIVO - Análisis GET /Tickets API"
"docs\99-Archivo\FASE0\START_HERE.md",".md","4658","E7BB089B8C6C967B77417E1ECC861A7A6CA98E2BCE3976D3AA6E6C0D1EAEF9B6","⭐ START HERE - Análisis GET /Tickets API"
"docs\99-Archivo\FASE0\STATUS_REPORT_FASE_0.md",".md","8554","7184EF55B309D75BFB1B5DB74023891DCE936AAD983F43DE9F80233048901941","STATUS REPORT - FASE 0 ANÁLISIS COMPLETO"
"docs\99-Archivo\FASE0\VISUALIZACION_FASE_0.md",".md","18563","D69C22DBB55E9E04E453E62668141AD5DAB6968D46F46E43F9A141B666D9EE25","VISUALIZACIÓN FASE 0 - MAPEO DE ENDPOINTS"
"docs\99-Archivo\General\DOCUMENTATION_INDEX.md",".md","7261","2185805473023FB2CF336F29286102A9A1EF04E63D67ADB1E20E3BDBAC44E1F2","📚 ÍNDICE DE DOCUMENTACIÓN - Sesión QA TicketsAPI"
"docs\INDEX.md",".md","3828","D9E7103A2527C707C5A74BE6EED1D7A74246C1FC079F2F00D0F77C56E73C44AC","Índice Maestro (Catálogo)"
"docs\MAPA_DOCUMENTACION.md",".md","10851","FAD6BD74DC02CA485BD8B1CEEDC9E692CFE22227412252DE89DA5AA7E6ECC7BF","🗺️ MAPA DE DOCUMENTACIÓN - TicketsAPI"
"docs\README.md",".md","3508","6D33CD040FE52D96482369353C3CFE879DB13A232F7A0A9ACF4DB5E18BF83F87","📚 Documentación TicketsAPI"
"FASE_0_COMPLETE.md",".md","8888","230DCC718D41D03B425FC9F03AB6A4CDD531C4DDFC02CFBCB0405984EC7B988D","FASE 0 - Implementación Completa ✅"
"FASE_0_DELIVERY.md",".md","6611","DAA770200E99D6D6BD342F34FCB32E8DD01824B0133616185257A5E65A875CA3","🎉 FASE 0 - COMPLETADO EXITOSAMENTE"
"FASE_0_PROGRESS.md",".md","10432","411CBD62F9CA119AB6CAAFA1D5AD3B47F188F51B94C1331A911A633005EFD5A6","FASE 0 - Implementación Inicial Completa"
"FASE_0_RESUMEN_EJECUTIVO.md",".md","8933","B2BDAB1D6D76D61CDB1A9D6A7510A744A71179B36802FC6B3B9D37BEF600187A","FASE 0 IMPLEMENTACIÓN - RESUMEN EJECUTIVO"
"FASE_0_STATUS_FINAL.md",".md","6450","C6A53BB067E2DD319A6968DDA9EADA1F8D72F3ED0D11D7A3AD20193FF683E766","✅ FASE 0 - ESTADO FINAL DE MIGRACIÓN"
"FASE4_FINAL_SUCCESS.md",".md","7168","13A94077AB2B7D04CACE92EFE3681358C9B7FCE56771CBA30F406BF6F6BF79BC","FASE 4 - ITERACIÓN COMPLETA: ÉXITO 91%"
"FINAL_COMPREHENSIVE_TESTING_REPORT.md",".md","20098","6F2C1F5A53171A1C33988702C40675FC3FB34497BDF2C3D92E60B17E91FF8D88","REPORTE FINAL EXHAUSTIVO DE PRUEBAS - TicketsAPI"
"INTEGRATION_ENDPOINT_RESULTS.json",".json","6437","6E32DB60DBB07DF7F4BBFD3871F193F157B65A69E7C3504F8880F0C202BF3F74",""
"IntegrationTests.ps1",".ps1","13086","62DBBC812E7F75B79F0400A92CE1DDD5B327000302CEE0A20A64FBB54802496D",""
"login_payload.json",".json","44","C6BC1A4CBB6604E59DD5BF3ED369F033F34717E039CA203C63CC8D9627DC6FE8",""
"MIGRACION_REFRESH_TOKEN_INSTRUCCIONES.md",".md","3770","F3211AB2A390628EB3E58112CC40FB2448244347923FB1AB6892A545365F35EF","Instrucciones de Migración - FASE 0 Refresh Token"
"PHASE4_FINAL_SUMMARY.md",".md","8331","D0A051757E468E53DFA118210808C4D0B20172F25C3F07AF5E0EBC0CA8825335","📋 FASE 4 - RESUMEN EJECUTIVO FINAL"
"PHASE4_PROGRESS.md",".md","10279","4A0CF9C74FCE5DAEA83A9A118E5AF14CBD5B869A1F8BCB40E865D00CADD7A6CF","FASE 4 - Progreso - Actualizado 27 Enero 2026"
"QA_TEST_REPORT.json",".json","917","D2EDCA441D70B6D78AAD1410A5D4C890CC065C547685F62C6F58CE65C5FBCA95",""
"QA_TESTING.ps1",".ps1","21192","E30478F2B28BC461251FA9545C036D17E5073DA449ADAA497AD2DCD28AA973BE",""
"quick_test_final.txt",".txt","192","4551F45D6284A67EE18255B4CF6BDF54957D3AF5A1FBCF790930ACF02C8873C9",""
"quick_test.txt",".txt","188","47EC2DC2EE04E855C50096E0EC4BFEE686D472AA518C470576B28818A44CD3FD",""
"quick_test2.txt",".txt","195","73E6FBF5918475A16EB0F6BA4E422411BEF4B96BB6A9525B5529AEB9A3090B9D",""
"quick_test3.txt",".txt","195","54ACA59E3EE64C677284DEFFA6E8690F920F9EFA0A7C9AE421E325DBCA1B2C05",""
"quick_test4.txt",".txt","192","4551F45D6284A67EE18255B4CF6BDF54957D3AF5A1FBCF790930ACF02C8873C9",""
"README.md",".md","953","67637A12848B4A0DCB112FEB378EEFC7AAFFE1D26FA75D51EB48F1ED90D39FD3","TicketsAPI"
"ROADMAP_JIRA_LIKE_2026.md",".md","24105","E8DE5910B4772DD3EA8B0D2825325F3FE15492FA8EDA340701F80A7E840DFD33","Roadmap Jira-Like & Robustez - TicketsAPI"
"Run-Migration.ps1",".ps1","5129","98CBBC9E5659003E2696B17FE9DD56CB2AF1DBAF9927C0D2311A5321B2457D5A",""
"scripts\QuickAuthTest.ps1",".ps1","1403","4FA5EB348E0A80F5A620077A66CDACDACFD0BE27A2FCCCD88F8D1F3D342281A6",""
"Setup-AdminUser.ps1",".ps1","2801","2D72D2F509DB0CF4DC4746ED9D98486123A8FD69082845FE0A4C7EDAD388D3BF",""
"STATUS_FINAL_VISUAL.txt",".txt","15067","01381AE355ACEB74733A497C9482647346E93736A612A4C1442641699DFBF442",""
"suite_output.txt",".txt","0","E3B0C44298FC1C149AFBF4C8996FB92427AE41E4649B934CA495991B7852B855",""
"suite_results_final.txt",".txt","6074","6BAF36447F84ECC8C6738B35AA34C452057620A491653E67F4A1DE68B617C665",""
"suite_results.txt",".txt","6267","C860E6796CBBC388412C0E2D01E4B32862C94D8C872C1E5C86B1B99F52644990",""
"TASA_CUMPLIMIENTO_SLA_ANALISIS.md",".md","11528","B0F1881DEFC6B4DDB4DC8E25CA1056506C35DB5DA2DE7D8C1A0224A5D13C4741","📊 Tasa de Cumplimiento de Tickets - Análisis Técnico"
"TENDENCIAS_TICKETS_ANALISIS.md",".md","15947","C7B9EA96C02F9053821CEEAB80BDC463B1DE2E31069D584164D7937A68F69B23","📈 Tendencias de Tickets por Prioridad - Análisis Técnico"
"test_api_simple.ps1",".ps1","1699","F9D6E78F8156880833B29FB51C0A820420AEB311B14A05EB565A43CAC720BF8C",""
"test_api.ps1",".ps1","3488","E979DEAB05380C24765054C9F1B2B2FD3892EC939ABD9A65CCE3212143E3CA36",""
"test_busqueda_avanzada.ps1",".ps1","6174","0B217ED55E8DE9D0CE0A8951765E31B7929CC153B2B6DF509A74AC3CDA54CBA3",""
"test_fixes.ps1",".ps1","2263","A5FC72239F52645B4123BAF04B8AD63923601BFBEDB61934BB19CDDA0DBA9545",""
"test_iteration_final.txt",".txt","6257","26586521FE87EFBFD50F1B0F6AFCE89342A44BF486C32D5BE30B9AE7115529FC",""
"test_iteration2.txt",".txt","6583","7F626D13086E31A73C45439D9B37BD13D173403C946EE6866C84DDA02E97407D",""
"test_login.ps1",".ps1","5604","17DFEE37E27E5DEA71D82CD23B1E29A727C2C88AB9260BA0B1AADBBE00E79F17",""
"test_output.txt",".txt","223","65497BA224F002E02AAA8973EAE645B9EEFB339BD01EFAC615929A1299B3C706",""
"test_reportes.ps1",".ps1","3739","256D7F17A82A9986CBE1DA87CDF3D7AFD1EF16AA2984FEC154AA1D164B4EB80C",""
"TEST_SUMMARY_FINAL.md",".md","7151","50C6DA3831218425FA6A3B176680A34419DD6BC891709C08B0CD535CE4A355FA","📊 Resultados Finales - Validación Exhaustiva TicketsAPI"
"TESTING_GUIDE_FASE_0.md",".md","8107","FCDE1F452D91DAE571194639F25EC6801C822D59B9376DC03527F3409456C4D6","🧪 GUÍA DE TESTING - FASE 0"
"TESTING_SUMMARY.md",".md","4113","EB5A7884DFCA0A0024F4B78A8D972473098C44158555470EBDC6E1B6696B7BA2","Resumen de Pruebas - TicketsAPI"
"TicketsAPI.Tests\bin\Debug\net6.0\appsettings.Development.json",".json","493","D240221ECDD5F8FB08A75F554106C63811A912898A9B64A4DBD2C7ED6E4CABE4",""
"TicketsAPI.Tests\bin\Debug\net6.0\appsettings.json",".json","1853","7A3BB543FE9293BCCB1433D11E6B15169D4BCC4EA2ABB2E4FA26CE49818011CC",""
"TicketsAPI.Tests\bin\Debug\net6.0\DB_AUDIT.json",".json","73194","EE6579C4CF76A7F1729A7E1E1BD5987DD509E926B5704D5EE748CC540E456426",""
"TicketsAPI.Tests\bin\Debug\net6.0\MvcTestingAppManifest.json",".json","138","6B4BDE2EB92ABB5E3A6F6F237406E26F44AB03121008138547994BE1BD4D15E4",""
"TicketsAPI.Tests\bin\Debug\net6.0\TicketsAPI.deps.json",".json","57830","B4E7294FA5804B102E737C439154CA5B3C3535493B7C03A24D5F4207D3C3C2A5",""
"TicketsAPI.Tests\bin\Debug\net6.0\TicketsAPI.runtimeconfig.json",".json","416","0FE6D8C75342D68C608238B82FD8EF46F694256B96B28480236B670A8BEB2DD8",""
"TicketsAPI.Tests\bin\Debug\net6.0\TicketsAPI.staticwebassets.endpoints.json",".json","51","EB6525C892AFDA953A2560F151F9C5E5BC6E79EF6741D886488AC450262C91E3",""
"TicketsAPI.Tests\bin\Debug\net6.0\TicketsAPI.Tests.deps.json",".json","259283","0BD7EBEA72D90C722561B2D6C5DDEDF0BDA8CBB47DC62D61DDDFE765BDA00824",""
"TicketsAPI.Tests\bin\Debug\net6.0\TicketsAPI.Tests.runtimeconfig.json",".json","262","6680364E76A308EFA8EA237F278B9A09D5216F81EB13C5DF19D64AC8E7B80487",""
"TicketsAPI.Tests\obj\Debug\net6.0\MvcTestingAppManifest.json",".json","138","6B4BDE2EB92ABB5E3A6F6F237406E26F44AB03121008138547994BE1BD4D15E4",""
"TicketsAPI.Tests\obj\Debug\net6.0\TicketsAPI.Tests.csproj.FileListAbsolute.txt",".txt","54154","AD886ED28EA4DA79B438F24B29C0A900B518DAD0A16EBEFA06C5AF73022A8CCB",""
"TicketsAPI.Tests\obj\Debug\net6.0\TicketsAPI.Tests.sourcelink.json",".json","168","7CBC2C0A387E5EFACB316A0CD878B0AB3DD1BA1D4E5140B744946272066F862E",""
"TicketsAPI.Tests\obj\project.assets.json",".json","445255","1997171FB63DF9265E3B731C27D14B552DB1994626D656C55E5A7E9B640F2737",""
"TicketsAPI.Tests\obj\TicketsAPI.Tests.csproj.nuget.dgspec.json",".json","8838","7AF932067C8F1F5855643C464913F2A451F45E207E1F76EC4BEDF9C6B88A2F08",""
"TicketsAPI\appsettings.Development.json",".json","493","D240221ECDD5F8FB08A75F554106C63811A912898A9B64A4DBD2C7ED6E4CABE4",""
"TicketsAPI\appsettings.json",".json","1853","7A3BB543FE9293BCCB1433D11E6B15169D4BCC4EA2ABB2E4FA26CE49818011CC",""
"TicketsAPI\bin\Debug\net6.0\appsettings.Development.json",".json","493","D240221ECDD5F8FB08A75F554106C63811A912898A9B64A4DBD2C7ED6E4CABE4",""
"TicketsAPI\bin\Debug\net6.0\appsettings.json",".json","1853","7A3BB543FE9293BCCB1433D11E6B15169D4BCC4EA2ABB2E4FA26CE49818011CC",""
"TicketsAPI\bin\Debug\net6.0\DB_AUDIT.json",".json","73194","EE6579C4CF76A7F1729A7E1E1BD5987DD509E926B5704D5EE748CC540E456426",""
"TicketsAPI\bin\Debug\net6.0\TicketsAPI.deps.json",".json","59485","90DC3B5610479A736BEF6C2B97613D84B16819308CE49EE3645E583110AF1ACF",""
"TicketsAPI\bin\Debug\net6.0\TicketsAPI.runtimeconfig.json",".json","416","0FE6D8C75342D68C608238B82FD8EF46F694256B96B28480236B670A8BEB2DD8",""
"TicketsAPI\bin\Debug\net6.0\TicketsAPI.staticwebassets.endpoints.json",".json","51","EB6525C892AFDA953A2560F151F9C5E5BC6E79EF6741D886488AC450262C91E3",""
"TicketsAPI\bin\Release\net6.0\appsettings.Development.json",".json","493","D240221ECDD5F8FB08A75F554106C63811A912898A9B64A4DBD2C7ED6E4CABE4",""
"TicketsAPI\bin\Release\net6.0\appsettings.json",".json","1853","7A3BB543FE9293BCCB1433D11E6B15169D4BCC4EA2ABB2E4FA26CE49818011CC",""
"TicketsAPI\bin\Release\net6.0\DB_AUDIT.json",".json","73194","EE6579C4CF76A7F1729A7E1E1BD5987DD509E926B5704D5EE748CC540E456426",""
"TicketsAPI\bin\Release\net6.0\TicketsAPI.deps.json",".json","57830","B4E7294FA5804B102E737C439154CA5B3C3535493B7C03A24D5F4207D3C3C2A5",""
"TicketsAPI\bin\Release\net6.0\TicketsAPI.runtimeconfig.json",".json","488","0849B0AF8362E17F7716209E410A84D56F05C6DC8BAE36C42109C346535E9BFF",""
"TicketsAPI\bin\Release\net6.0\TicketsAPI.staticwebassets.endpoints.json",".json","51","EB6525C892AFDA953A2560F151F9C5E5BC6E79EF6741D886488AC450262C91E3",""
"TicketsAPI\DB_AUDIT.json",".json","73194","EE6579C4CF76A7F1729A7E1E1BD5987DD509E926B5704D5EE748CC540E456426",""
"TicketsAPI\logs\tickets-api-20251209.txt",".txt","50304","EDA50DCBB1546E682CA3BC977F4EDB559CFDF7ABF171F714DB17F5D8C301F5CA",""
"TicketsAPI\logs\tickets-api-20251210.txt",".txt","242145","9AEE8DD3F62E8A00DD58DFFD83C9F5A8D0C0D32089491FF39F54D8C46E4C1E5B",""
"TicketsAPI\logs\tickets-api-20251216_001.txt",".txt","35769","39EE5904E012DF5965F570B740ABE38E8DA825491228EB05E2AB63363D1CF0D1",""
"TicketsAPI\logs\tickets-api-20251216.txt",".txt","716139","E3C884F060635171B731DCED9E3F50F2F3762E9F7FE2F2156AAF5BEE6E145362",""
"TicketsAPI\logs\tickets-api-20251223_001.txt",".txt","213822","4D9DDDCDB010139E37DEF60A1EB93EE3EB23E3419BD787ACA38E55ECC469AFD3",""
"TicketsAPI\logs\tickets-api-20251223.txt",".txt","83908","4AE95573A8D5A4FBE729D00FA8F8ADFA16FDBB79994E1ACA79B39EE6625462ED",""
"TicketsAPI\logs\tickets-api-20251230.txt",".txt","37226","57D90D7DDA5558DF2E3C56FF15CA56F2B5C01CED838CA5BB152D0CA98A7D578C",""
"TicketsAPI\logs\tickets-api-20260123_001.txt",".txt","765410","36A44DE9DEAD619462F06C08F4679A45176C6070674BDFA4629A8EFD38215034",""
"TicketsAPI\logs\tickets-api-20260123.txt",".txt","205413","E56658C760758E522411BBFA08566B852FF26D5A318FDCA2BAE5994669561554",""
"TicketsAPI\logs\tickets-api-20260127_001.txt",".txt","1348396","DA7D465F2089BB4FBB1B99B506C75834FE849689FC735732DB67E3E863096D77",""
"TicketsAPI\logs\tickets-api-20260127_002.txt",".txt","1496561","5106963D3BC63DAB1DAD2887C341610400E40457B379800BABA49BF7E2F27F6B",""
"TicketsAPI\logs\tickets-api-20260127.txt",".txt","1694406","C9EE9B5784CADECBC1CAFE8218DFA5ADF7C23DA515E9F0938843E66A847FD7C5",""
"TicketsAPI\logs\tickets-api-20260130.txt",".txt","43387","1C746820B0361DEDAF2DD1A474EA84761168454962DE7330D53688AFD2ACFCEA",""
"TicketsAPI\obj\Debug\net6.0\rjsmcshtml.dswa.cache.json",".json","1057","35F425C52E9CE3973808C4ADEF1DCCD36C8E2DED425211BC2BB8A95118EA9145",""
"TicketsAPI\obj\Debug\net6.0\rjsmrazor.dswa.cache.json",".json","1057","1227CEFF69D2D9CB8C94018C37C3CCCB18F1872E489FC7033B120557AF751230",""
"TicketsAPI\obj\Debug\net6.0\rpswa.dswa.cache.json",".json","426","2EF7EDBF6D142CEEE058D8E8B95969E96ABFA7F402ADAA5D4259684EDA2B05E0",""
"TicketsAPI\obj\Debug\net6.0\staticwebassets.build.endpoints.json",".json","51","EB6525C892AFDA953A2560F151F9C5E5BC6E79EF6741D886488AC450262C91E3",""
"TicketsAPI\obj\Debug\net6.0\staticwebassets.build.json",".json","249","48293B431EAB6F5C3A1C04C33E9733F36A701ED969C70CE87E6D2FE58A2E67EB",""
"TicketsAPI\obj\Debug\net6.0\TicketsAPI.csproj.FileListAbsolute.txt",".txt","9471","76C7AB113445D8421E047105BD27B20CEA8FE94B6AA240FB63902F3A9400C534",""
"TicketsAPI\obj\Debug\net6.0\TicketsAPI.sourcelink.json",".json","168","7CBC2C0A387E5EFACB316A0CD878B0AB3DD1BA1D4E5140B744946272066F862E",""
"TicketsAPI\obj\project.assets.json",".json","164705","2D18B06A570DABDE55C770057CF6E7159C7B1820CD9E18A90570DA9321D91AB8",""
"TicketsAPI\obj\Release\net6.0\rjsmcshtml.dswa.cache.json",".json","1057","8294C23B4CE3365E7111CD2D778A13FCE89DA3C8288DD19302DCADAF52DA46C8",""
"TicketsAPI\obj\Release\net6.0\rjsmrazor.dswa.cache.json",".json","1057","C5706CD681624ADEAD5E4A18AEB6B67B27082321440865BBB4B36155D106C898",""
"TicketsAPI\obj\Release\net6.0\rpswa.dswa.cache.json",".json","426","2EF7EDBF6D142CEEE058D8E8B95969E96ABFA7F402ADAA5D4259684EDA2B05E0",""
"TicketsAPI\obj\Release\net6.0\staticwebassets.build.endpoints.json",".json","51","EB6525C892AFDA953A2560F151F9C5E5BC6E79EF6741D886488AC450262C91E3",""
"TicketsAPI\obj\Release\net6.0\staticwebassets.build.json",".json","249","48293B431EAB6F5C3A1C04C33E9733F36A701ED969C70CE87E6D2FE58A2E67EB",""
"TicketsAPI\obj\Release\net6.0\TicketsAPI.csproj.FileListAbsolute.txt",".txt","9422","7AFE1E9D5EFED9968BB36E05097E128077E1D19B90C27CC1DA6AA003938B5478",""
"TicketsAPI\obj\Release\net6.0\TicketsAPI.sourcelink.json",".json","168","7CBC2C0A387E5EFACB316A0CD878B0AB3DD1BA1D4E5140B744946272066F862E",""
"TicketsAPI\obj\TicketsAPI.csproj.nuget.dgspec.json",".json","5210","E32EB26B5AAAA98E9EA623ED5F292A572A4DF21916DAD16BFAC945260BF5FC9C",""
